AHouseInTheRift-0.8.02r3-pc	8.5.3	lint rc=0 26s	launch alive
AHouseInTheRift-0.8.02r3-pc	8.1.1	lint rc=1 11s	launch alive
AstralLust-0.3.1c.4K-pc	8.5.3	lint rc=1 35s	launch alive
AstralLust-0.3.1c.4K-pc	8.3.2	lint rc=1 13s	launch alive
Harem_Hotel-v0.19-pc	8.5.3	lint rc=1 2s	launch alive
Harem_Hotel-v0.19-pc	8.0.1	lint rc=1 17s	launch exited rc=1
InterimDomain-0.99.0-pc	8.5.3	lint rc=0 25s	launch alive
InterimDomain-0.99.0-pc	8.0.1	lint rc=0 43s	launch alive
Lucky_Paradox-v0.10.4-pc	8.5.3	lint rc=0 29s	launch alive
Lucky_Paradox-v0.10.4-pc	8.0.1	lint rc=0 51s	launch alive
MaidandMaidens.app	8.5.3	lint rc=0 9s	launch alive
MaidandMaidens.app	8.0.1	lint rc=0 14s	launch alive
WhiteRussian.app	8.5.3	lint rc=0 5s	launch alive
WhiteRussian.app	8.0.1	lint rc=0 8s	launch alive
