file	fmt	w	h	decoder	median_ms	min_ms	max_abs_diff	rms_diff
astral_webp_0.webp	webp	3840	2160	libwebp(webp)	57.81	52.55	0	0.000
astral_webp_0.webp	webp	3840	2160	image-webp	125.99	118.82	0	0.000
astral_webp_0.webp	webp	3840	2160	libwebp+threads	45.90	45.74	0	0.000
astral_webp_0.webp	webp	3840	2160	image(crate)	114.82	113.20	0	0.000
astral_webp_1.webp	webp	3840	2160	libwebp(webp)	66.96	66.26	0	0.000
astral_webp_1.webp	webp	3840	2160	image-webp	147.43	143.81	0	0.000
astral_webp_1.webp	webp	3840	2160	libwebp+threads	60.57	60.21	0	0.000
astral_webp_1.webp	webp	3840	2160	image(crate)	138.20	137.49	0	0.000
astral_webp_2.webp	webp	3840	2160	libwebp(webp)	41.46	41.25	0	0.000
astral_webp_2.webp	webp	3840	2160	image-webp	102.26	100.21	0	0.000
astral_webp_2.webp	webp	3840	2160	libwebp+threads	35.34	35.26	0	0.000
astral_webp_2.webp	webp	3840	2160	image(crate)	94.53	94.09	0	0.000
astral_webp_3.webp	webp	3840	2160	libwebp(webp)	80.35	48.29	0	0.000
astral_webp_3.webp	webp	3840	2160	image-webp	195.72	158.77	0	0.000
astral_webp_3.webp	webp	3840	2160	libwebp+threads	70.72	48.81	0	0.000
astral_webp_3.webp	webp	3840	2160	image(crate)	182.22	162.95	0	0.000
rip_jpg_0.jpg	jpg	1920	1080	zune-jpeg	19.93	12.02	3	0.084
rip_jpg_0.jpg	jpg	1920	1080	jpeg-decoder	32.12	22.83	2	0.028
rip_jpg_0.jpg	jpg	1920	1080	turbojpeg	9.91	9.54	0	0.000
rip_jpg_0.jpg	jpg	1920	1080	mozjpeg	17.97	10.45	0	0.000
rip_jpg_0.jpg	jpg	1920	1080	image(crate)	21.93	13.92	3	0.084
rip_jpg_1.jpg	jpg	1920	1080	zune-jpeg	14.64	8.04	3	0.070
rip_jpg_1.jpg	jpg	1920	1080	jpeg-decoder	21.37	15.77	2	0.026
rip_jpg_1.jpg	jpg	1920	1080	turbojpeg	7.16	6.91	0	0.000
rip_jpg_1.jpg	jpg	1920	1080	mozjpeg	15.38	7.83	0	0.000
rip_jpg_1.jpg	jpg	1920	1080	image(crate)	12.07	8.13	3	0.070
rip_jpg_2.jpg	jpg	1920	1080	zune-jpeg	25.02	13.83	3	0.089
rip_jpg_2.jpg	jpg	1920	1080	jpeg-decoder	30.85	23.22	2	0.038
rip_jpg_2.jpg	jpg	1920	1080	turbojpeg	14.96	10.99	0	0.000
rip_jpg_2.jpg	jpg	1920	1080	mozjpeg	21.94	12.44	0	0.000
rip_jpg_2.jpg	jpg	1920	1080	image(crate)	25.61	14.02	3	0.089
rip_png_0.png	png	1920	1080	png	10.75	7.07	0	0.000
rip_png_0.png	png	1920	1080	zune-png	11.88	5.74	0	0.000
rip_png_0.png	png	1920	1080	spng	31.22	22.18	0	0.000
rip_png_0.png	png	1920	1080	lodepng	15.63	8.08	0	0.000
rip_png_0.png	png	1920	1080	image(crate)	11.61	6.88	0	0.000
rip_png_1.png	png	1920	1080	png	13.74	7.45	0	0.000
rip_png_1.png	png	1920	1080	zune-png	24.91	13.01	0	0.000
rip_png_1.png	png	1920	1080	spng	82.77	60.54	0	0.000
rip_png_1.png	png	1920	1080	lodepng	25.59	14.34	0	0.000
rip_png_1.png	png	1920	1080	image(crate)	13.78	8.54	1	0.106
rip_png_2.png	png	1920	1080	png	15.12	9.33	0	0.000
rip_png_2.png	png	1920	1080	zune-png	27.92	16.39	0	0.000
rip_png_2.png	png	1920	1080	spng	88.85	65.76	0	0.000
rip_png_2.png	png	1920	1080	lodepng	34.12	20.05	0	0.000
rip_png_2.png	png	1920	1080	image(crate)	17.77	10.48	1	0.130
rip_webp_0.webp	webp	1920	1080	libwebp(webp)	22.83	12.42	0	0.000
rip_webp_0.webp	webp	1920	1080	image-webp	38.23	20.13	0	0.000
rip_webp_0.webp	webp	1920	1080	libwebp+threads	18.57	10.93	0	0.000
rip_webp_0.webp	webp	1920	1080	image(crate)	35.45	19.89	0	0.000
rip_webp_1.webp	webp	1920	1080	libwebp(webp)	41.62	24.52	0	0.000
rip_webp_1.webp	webp	1920	1080	image-webp	65.12	47.67	0	0.000
rip_webp_1.webp	webp	1920	1080	libwebp+threads	39.18	28.42	0	0.000
rip_webp_1.webp	webp	1920	1080	image(crate)	61.81	45.35	0	0.000
rip_webp_2.webp	webp	1920	1080	libwebp(webp)	44.07	31.50	0	0.000
rip_webp_2.webp	webp	1920	1080	image-webp	75.79	59.50	0	0.000
rip_webp_2.webp	webp	1920	1080	libwebp+threads	39.80	28.99	0	0.000
rip_webp_2.webp	webp	1920	1080	image(crate)	77.31	58.20	0	0.000
rip_webp_3.webp	webp	1920	1080	libwebp(webp)	27.34	16.88	0	0.000
rip_webp_3.webp	webp	1920	1080	image-webp	43.50	31.49	0	0.000
rip_webp_3.webp	webp	1920	1080	libwebp+threads	26.04	15.44	0	0.000
rip_webp_3.webp	webp	1920	1080	image(crate)	44.46	34.05	0	0.000
si_png_0.png	png	1920	1080	png	7.71	4.50	0	0.000
si_png_0.png	png	1920	1080	zune-png	4.47	2.67	0	0.000
si_png_0.png	png	1920	1080	spng	9.03	5.23	0	0.000
si_png_0.png	png	1920	1080	lodepng	8.11	5.20	0	0.000
si_png_0.png	png	1920	1080	image(crate)	4.31	2.92	0	0.000
si_png_1.png	png	1920	1080	png	26.77	16.51	0	0.000
si_png_1.png	png	1920	1080	zune-png	29.14	16.37	0	0.000
si_png_1.png	png	1920	1080	spng	46.95	30.14	0	0.000
si_png_1.png	png	1920	1080	lodepng	35.52	19.09	0	0.000
si_png_1.png	png	1920	1080	image(crate)	25.62	18.44	0	0.000
si_png_2.png	png	1920	1080	png	9.01	4.20	0	0.000
si_png_2.png	png	1920	1080	zune-png	2.45	2.32	0	0.000
si_png_2.png	png	1920	1080	spng	5.91	4.82	0	0.000
si_png_2.png	png	1920	1080	lodepng	6.70	4.89	0	0.000
si_png_2.png	png	1920	1080	image(crate)	2.62	2.59	0	0.000
si_png_3.png	png	1920	1080	png	9.57	5.00	0	0.000
si_png_3.png	png	1920	1080	zune-png	3.35	3.07	0	0.000
si_png_3.png	png	1920	1080	spng	11.41	6.85	0	0.000
si_png_3.png	png	1920	1080	lodepng	10.96	5.97	0	0.000
si_png_3.png	png	1920	1080	image(crate)	4.15	3.43	0	0.000
si_png_4.png	png	1920	1080	png	34.11	20.38	0	0.000
si_png_4.png	png	1920	1080	zune-png	33.25	24.43	0	0.000
si_png_4.png	png	1920	1080	spng	56.96	30.88	0	0.000
si_png_4.png	png	1920	1080	lodepng	40.43	23.53	0	0.000
si_png_4.png	png	1920	1080	image(crate)	34.19	20.24	0	0.000
si_png_5.png	png	1920	1080	png	6.29	4.52	0	0.000
si_png_5.png	png	1920	1080	zune-png	3.38	2.70	0	0.000
si_png_5.png	png	1920	1080	spng	10.74	5.64	0	0.000
si_png_5.png	png	1920	1080	lodepng	8.80	5.33	0	0.000
si_png_5.png	png	1920	1080	image(crate)	5.52	2.98	0	0.000
si_webp_0.webp	webp	1920	1080	libwebp(webp)	17.42	10.14	0	0.000
si_webp_0.webp	webp	1920	1080	image-webp	21.70	13.04	0	0.000
si_webp_0.webp	webp	1920	1080	libwebp+threads	16.58	8.61	0	0.000
si_webp_0.webp	webp	1920	1080	image(crate)	19.50	11.93	0	0.000
si_webp_1.webp	webp	1920	1080	libwebp(webp)	12.23	6.81	0	0.000
si_webp_1.webp	webp	1920	1080	image-webp	13.74	8.38	0	0.000
si_webp_1.webp	webp	1920	1080	libwebp+threads	8.10	5.42	0	0.000
si_webp_1.webp	webp	1920	1080	image(crate)	11.83	6.07	0	0.000
si_webp_2.webp	webp	1920	1080	libwebp(webp)	19.98	12.14	0	0.000
si_webp_2.webp	webp	1920	1080	image-webp	26.41	14.84	0	0.000
si_webp_2.webp	webp	1920	1080	libwebp+threads	18.41	10.13	0	0.000
si_webp_2.webp	webp	1920	1080	image(crate)	22.82	11.76	0	0.000
si_webp_3.webp	webp	1920	1080	libwebp(webp)	17.66	10.17	0	0.000
si_webp_3.webp	webp	1920	1080	image-webp	21.73	12.80	0	0.000
si_webp_3.webp	webp	1920	1080	libwebp+threads	15.12	8.56	0	0.000
si_webp_3.webp	webp	1920	1080	image(crate)	20.19	10.06	0	0.000
wa_jpg_0.jpg	jpg	1920	1080	zune-jpeg	12.78	7.31	4	0.443
wa_jpg_0.jpg	jpg	1920	1080	jpeg-decoder	18.26	13.13	3	0.267
wa_jpg_0.jpg	jpg	1920	1080	turbojpeg	6.03	5.70	0	0.000
wa_jpg_0.jpg	jpg	1920	1080	mozjpeg	13.44	6.65	0	0.000
wa_jpg_0.jpg	jpg	1920	1080	image(crate)	10.52	7.29	4	0.443
wa_jpg_1.jpg	jpg	1920	1080	zune-jpeg	7.82	4.66	4	0.363
wa_jpg_1.jpg	jpg	1920	1080	jpeg-decoder	13.25	10.21	3	0.215
wa_jpg_1.jpg	jpg	1920	1080	turbojpeg	3.39	3.38	0	0.000
wa_jpg_1.jpg	jpg	1920	1080	mozjpeg	4.38	4.27	0	0.000
wa_jpg_1.jpg	jpg	1920	1080	image(crate)	8.11	4.81	4	0.363
wa_jpg_2.jpg	jpg	1920	1080	zune-jpeg	17.35	9.37	5	0.457
wa_jpg_2.jpg	jpg	1920	1080	jpeg-decoder	22.84	16.21	3	0.242
wa_jpg_2.jpg	jpg	1920	1080	turbojpeg	13.33	7.82	0	0.000
wa_jpg_2.jpg	jpg	1920	1080	mozjpeg	14.34	8.79	0	0.000
wa_jpg_2.jpg	jpg	1920	1080	image(crate)	15.79	9.69	5	0.457
wa_jpg_3.jpg	jpg	1920	1080	zune-jpeg	6.94	4.00	4	0.313
wa_jpg_3.jpg	jpg	1920	1080	jpeg-decoder	10.13	8.87	3	0.195
wa_jpg_3.jpg	jpg	1920	1080	turbojpeg	6.63	2.90	0	0.000
wa_jpg_3.jpg	jpg	1920	1080	mozjpeg	5.40	3.73	0	0.000
wa_jpg_3.jpg	jpg	1920	1080	image(crate)	6.96	4.02	4	0.313
wa_jpg_4.jpg	jpg	1920	1080	zune-jpeg	17.25	8.88	5	0.421
wa_jpg_4.jpg	jpg	1920	1080	jpeg-decoder	23.50	15.52	3	0.269
wa_jpg_4.jpg	jpg	1920	1080	turbojpeg	10.70	7.41	0	0.000
wa_jpg_4.jpg	jpg	1920	1080	mozjpeg	15.85	8.33	0	0.000
wa_jpg_4.jpg	jpg	1920	1080	image(crate)	15.71	9.39	5	0.421
wa_png_0.png	png	986	520	png	4.85	3.79	0	0.000
wa_png_0.png	png	986	520	zune-png	6.23	3.38	0	0.000
wa_png_0.png	png	986	520	spng	9.36	6.64	0	0.000
wa_png_0.png	png	986	520	lodepng	7.66	4.41	0	0.000
wa_png_0.png	png	986	520	image(crate)	5.52	3.76	0	0.000
wa_png_1.png	png	1920	1080	png	29.40	18.44	0	0.000
wa_png_1.png	png	1920	1080	zune-png	31.22	16.45	0	0.000
wa_png_1.png	png	1920	1080	spng	46.01	32.92	0	0.000
wa_png_1.png	png	1920	1080	lodepng	34.47	19.14	0	0.000
wa_png_1.png	png	1920	1080	image(crate)	26.27	18.11	0	0.000
wa_png_2.png	png	986	520	png	5.41	4.14	0	0.000
wa_png_2.png	png	986	520	zune-png	6.11	3.79	0	0.000
wa_png_2.png	png	986	520	spng	10.01	7.42	0	0.000
wa_png_2.png	png	986	520	lodepng	5.13	4.90	0	0.000
wa_png_2.png	png	986	520	image(crate)	5.76	4.10	0	0.000
