file	w	h	premultiply_ms	bbox_ms	memcpy_ms
astral_webp_0.webp	3840	2160	2.68	0.00	0.62
astral_webp_1.webp	3840	2160	2.69	0.00	0.60
astral_webp_2.webp	3840	2160	2.71	0.01	0.63
astral_webp_3.webp	3840	2160	2.79	0.00	0.62
rip_jpg_0.jpg	1920	1080	0.46	0.00	0.34
rip_jpg_1.jpg	1920	1080	0.66	0.00	0.13
rip_jpg_2.jpg	1920	1080	0.66	0.00	0.13
rip_png_0.png	1920	1080	1.74	0.59	0.14
rip_png_1.png	1920	1080	1.77	0.59	0.14
rip_png_2.png	1920	1080	1.76	0.59	0.13
rip_webp_0.webp	1920	1080	0.67	0.00	0.13
rip_webp_1.webp	1920	1080	0.66	0.00	0.14
rip_webp_2.webp	1920	1080	0.48	0.00	0.32
rip_webp_3.webp	1920	1080	1.24	0.00	0.13
si_png_0.png	1920	1080	0.48	0.00	0.31
si_png_1.png	1920	1080	0.68	0.00	0.12
si_png_2.png	1920	1080	0.68	0.00	0.12
si_png_3.png	1920	1080	0.67	0.00	0.12
si_png_4.png	1920	1080	0.70	0.00	0.14
si_png_5.png	1920	1080	0.67	0.00	0.12
si_webp_0.webp	1920	1080	0.44	0.00	0.35
si_webp_1.webp	1920	1080	0.66	0.00	0.14
si_webp_2.webp	1920	1080	0.69	0.00	0.15
si_webp_3.webp	1920	1080	0.67	0.00	0.13
wa_jpg_0.jpg	1920	1080	0.67	0.00	0.14
wa_jpg_1.jpg	1920	1080	0.66	0.00	0.13
wa_jpg_2.jpg	1920	1080	0.67	0.00	0.12
wa_jpg_3.jpg	1920	1080	0.48	0.00	0.33
wa_jpg_4.jpg	1920	1080	0.67	0.00	0.13
wa_png_0.png	986	520	0.46	0.06	0.07
wa_png_1.png	1920	1080	0.67	0.00	0.12
wa_png_2.png	986	520	0.46	0.06	0.06
